187,"lower","William ""Smitty"" Pignatelli","MAL000158"
187,"upper","Steven Howitt","MAL000114"
,"upper","Steven L. Levy","MAL000128"
,"upper","Jeffrey Sanchez","MAL000167"
,"upper","Angelo J. Puppolo, Jr.","MAL000161"
,"upper","Denise Andrews","MAL000043"
,"upper","David M. Nangle","MAL000146"
,"upper","Stephen Kulik","MAL000125"
,"upper","Denise Provost","MAL000160"
,"upper","James M. Cantwell","MAL000065"
,"upper","David M. Torrisi","MAL000187"
187,"upper","Brian Dempsey","MAL000079"
187,"lower","Edward Coppinger","MAL000071"
187,"lower","Carlo Basile","MAL000051"
187,"lower","Benjamin Downing","MAL000012"
,"upper","Matthew A. Beaton","MAL000053"
,"upper","William M. Straus","MAL000182"
187,"lower","Nicholas Boldyga","MAL000056"
,"upper","William N. Brownsberger","MAL000060"
187,"upper","Christopher Markey","MAL000138"
187,"lower","Richard Ross","MAL000033"
,"upper","Joyce A. Spiliotis","MAL000178"
187,"lower","Martha Walz","MAL000195"
187,"lower","John Mahoney","MAL000134"
187,"upper","Stephen S. Smith","MAL000173"
,"upper","Garrett J. Bradley","MAL000057"
187,"upper","George Ross","MAL000165"
,"upper","John H. Rogers","MAL000163"
187,"upper","Michael Knapik","MAL000023"
187,"lower","Rhonda Nyman","MAL000148"
187,"lower","Daniel Wolf","MAL000040"
,"upper","Elizabeth A. Malia","MAL000135"
187,"upper","Michael Rush","MAL000034"
187,"upper","Sheila Harrington","MAL000107"
187,"upper","Thomas Kennedy","MAL000022"
187,"upper","William "". Pignatelli","MAL000158"
,"upper","Demetrius J. Atsalis","MAL000047"
187,"upper","Stanley Rosenberg","MAL000032"
,"upper","Rhonda L. Nyman","MAL000148"
187,"upper","John Hart, Jr.","MAL000017"
,"upper","Colleen M. Garry","MAL000102"
187,"upper","Denise Garlick","MAL000101"
187,"upper","Anthony W. Petruccelli","MAL000030"
187,"lower","Paul Schmid","MAL000170"
,"upper","John J. Binienda","MAL000055"
,"upper","Kevin G. Honan","MAL000113"
,"upper","Kevin Aguiar","MAL000042"
,"upper","Alice K. Wolf","MAL000198"
,"upper","Cheryl A. Coakley-Rivera","MAL000068"
,"upper","Susan Williams Gifford","MAL000103"
187,"lower","Eileen M. Donoghue","MAL000011"
187,"upper","Steven Baddour","MAL000001"
,"upper","Aaron M. Michlewitz","MAL000141"
187,"lower","Matthew Beaton","MAL000053"
187,"lower","Katherine M Clark","MAL000007"
187,"upper","Marc Pacheco","MAL000029"
187,"lower","Ryan Fattman","MAL000089"
,"upper","Marc T. Lombardo","MAL000131"
187,"upper","Paul Brodeur","MAL000059"
,"upper","David B. Sullivan","MAL000183"
187,"lower","F. J. Barrows","MAL000050"
187,"lower","Stanley Rosenberg","MAL000032"
,"upper","Robert M. Koczera","MAL000124"
,"upper","Patricia A. Haddad","MAL000106"
,"upper","Jennifer E. Benson","MAL000054"
,"upper","Linda Dorcena Forry","MAL000095"
187,"lower","Brian Joyce","MAL000020"
,"upper","John V. Fernandes","MAL000092"
187,"upper","Marc Lombardo","MAL000131"
187,"upper","Alice H. Peisch","MAL000155"
,"upper","Donald H. Wong","MAL000199"
187,"lower","Jeffrey S?nchez","MAL000167"
187,"upper","Barry Finegold","MAL000015"
,"upper","Cleon H. Turner","MAL000188"
,"upper","Carlo P. Basile","MAL000051"
187,"upper","Paul Mark","MAL000137"
,"upper","George T. Ross","MAL000165"
,"upper","Michael D. Brady","MAL000058"
187,"lower","Patricia Jehlen","MAL000019"
187,"lower","Karen E. Spilka","MAL000035"
,"upper","Carolyn C. Dykema","MAL000086"
,"upper","Denise C. Garlick","MAL000101"
187,"upper","Elizabeth Poirier","MAL000159"
187,"upper","Stephen Brewer","MAL000003"
,"upper","Martha M. Walz","MAL000195"
,"upper","Byron Rushing","MAL000166"
187,"lower","Kenneth Donnelly","MAL000010"
,"upper","Bruce J. Ayers","MAL000048"
187,"lower","James Timilty","MAL000185"
187,"lower","Susan Fargo","MAL000014"
187,"upper","Kevin Kuros","MAL000126"
,"upper","Ronald Mariano","MAL000136"
,"upper","James M. Murphy","MAL000145"
187,"upper","Cynthia Creem","MAL000008"
187,"upper","Frederick Berry","MAL000002"
187,"lower","James Lyons","MAL000132"
,"upper","F. Jay Barrows","MAL000050"
,"upper","Michael J. Moran","MAL000142"
,"upper","Christopher M. Markey","MAL000138"
,"upper","Richard Bastien","MAL000052"
,"upper","William Smitty Pignatelli","MAL000158"
,"upper","Thomas A. Golden Jr.","MAL000105"
,"upper","Steven M. Walsh","MAL000194"
,"upper","Paul W. Mark","MAL000137"
,"upper","Chris Walsh","MAL000191"
187,"lower","Susan W. Gifford","MAL000103"
,"upper","Paul A. Schmid","MAL000170"
,"upper","Donald F. Humason, Jr","MAL000115"
,"upper","Paul Adams","MAL000041"
,"upper","Harriett L. Stanley","MAL000179"
,"upper","Steven S. Howitt","MAL000114"
,"upper","Walter F. Timilty","MAL000185"
187,"upper","Cynthia S. Creem","MAL000008"
,"upper","Brian S. Dempsey","MAL000079"
187,"lower","Angelo D'Emilia","MAL000076"
,"upper","Geoffrey G. Diehl","MAL000081"
187,"upper","Daniel Winslow","MAL000197"
,"upper","James R. Miceli","MAL000140"
,"upper","Kevin J. Kuros","MAL000126"
,"upper","Benjamin Swan","MAL000184"
187,"upper","Jennifer Flanagan","MAL000016"
187,"upper","Harriette Chandler","MAL000005"
,"upper","John P. Fresolo","MAL000097"
,"upper","Nick Collins","MAL000069"
187,"lower","Steven Howitt","MAL000114"
,"upper","John J. Mahoney","MAL000134"
187,"lower","Brian Ashe","MAL000045"
,"upper","Timothy J. Toomey, Jr","MAL000186"
,"upper","Thomas P. Conroy","MAL000070"
,"upper","Sean Curran","MAL000074"
187,"lower","Brian Dempsey","MAL000079"
,"upper","Randy Hunt","MAL000116"
187,"lower","Geoff Diehl","MAL000081"
,"upper","Kimberly N. Ferguson","MAL000091"
,"upper","Tackey Chan","MAL000067"
,"upper","Nicholas A. Boldyga","MAL000056"
187,"lower","Christopher Markey","MAL000138"
,"upper","Cory Atkins","MAL000046"
187,"upper","James Welch","MAL000039"
187,"upper","Richard Moore","MAL000027"
187,"upper","Edward Coppinger","MAL000071"
187,"upper","Benjamin Downing","MAL000012"
,"upper","Jerald A. Parisella","MAL000152"
,"upper","James E. Vallee","MAL000189"
,"upper","Theodore C. Speliotis","MAL000176"
187,"lower","Donald Wong","MAL000199"
187,"lower","Aaron Michlewitz","MAL000141"
187,"lower","Kimberly Ferguson","MAL000091"
187,"lower","Thomas Kennedy","MAL000022"
187,"upper","John Mahoney","MAL000134"
187,"lower","Stephen S. Smith","MAL000173"
187,"upper","Katherine M. Clark","MAL000007"
187,"lower","George Ross","MAL000165"
187,"upper","Steven Tolman","MAL000038"
187,"lower","Michael Knapik","MAL000023"
187,"lower","John Hart, Jr.","MAL000017"
187,"upper","Paul Schmid","MAL000170"
,"upper","Joseph F. Wagner","MAL000192"
,"upper","Sean Garballey","MAL000100"
,"upper","Antonio F.D. Cabral","MAL000061"
,"upper","Christopher G. Fallon","MAL000088"
,"upper","James J. Lyons, Jr","MAL000132"
187,"lower","Michael Finn","MAL000094"
,"upper","Edward F. Coppinger","MAL000071"
,"upper","Jonathan Hecht","MAL000108"
,"upper","Elizabeth A. Poirier","MAL000159"
187,"upper","Antonio F. Cabral","MAL000061"
187,"upper","Bruce Tarr","MAL000036"
,"upper","Michael F. Kane","MAL000119"
187,"upper","Donald Wong","MAL000199"
,"upper","Stephen L. DiNatale","MAL000082"
187,"lower","Antonio F. D. Cabral","MAL000061"
,"upper","Carlos Henriquez","MAL000109"
,"upper","Peter V. Kocot","MAL000123"
,"upper","Ellen Story","MAL000181"
187,"upper","F. J. Barrows","MAL000050"
187,"lower","John A. Hart","MAL000017"
187,"lower","Michael Moore","MAL000026"
187,"upper","Brian Ashe","MAL000045"
187,"upper","Katherine M Clark","MAL000007"
187,"lower","Jay Kaufman","MAL000120"
187,"lower","Marc Lombardo","MAL000131"
187,"upper","Russell Holmes","MAL000112"
187,"lower","Mark Montigny","MAL000025"
,"upper","Angelo M. Scaccia","MAL000169"
,"upper","Michael J. Finn","MAL000094"
187,"lower","Viriato M. deMacedo","MAL000078"
,"upper","Jason M. Lewis","MAL000129"
187,"upper","Karen E. Spilka","MAL000035"
187,"lower","Jerald Parisella","MAL000152"
,"upper","Russell E. Holmes","MAL000112"
,"upper","Kevin J. Murphy","MAL000145"
,"upper","John D. Keenan","MAL000121"
187,"upper","Sal DiDomenico","MAL000009"
,"upper","Dennis A. Rosa","MAL000164"
,"upper","John W. Scibak","MAL000171"
187,"upper","Gailanne Cariddi","MAL000066"
,"upper","Ruth B. Balser","MAL000049"
,"upper","Robert F. Fennell","MAL000090"
187,"upper","James Timilty","MAL000185"
187,"lower","Elizabeth Poirier","MAL000159"
187,"lower","Paul Schmid, III","MAL000170"
187,"upper","John Keenan","MAL000121"
,"upper","James Arciero","MAL000044"
,"upper","Bradford Hill","MAL000110"
187,"lower","David Vieira, ","MAL000190"
187,"lower","Gailanne Cariddi","MAL000066"
187,"upper","Carlo Basile","MAL000051"
,"upper","Paul K. Frost","MAL000098"
187,"upper","Thomas McGee","MAL000024"
187,"upper","Nicholas Boldyga","MAL000056"
187,"lower","Cynthia Creem","MAL000008"
187,"lower","David P. Linsky","MAL000130"
,"upper","Marcos A. Devers","MAL000080"
187,"upper","James Lyons","MAL000132"
187,"upper","Rhonda Nyman","MAL000148"
,"upper","Kate Hogan","MAL000111"
,"upper","Tom Sannicandro","MAL000168"
187,"upper","Richard Ross","MAL000033"
,"upper","Shaunna O'Connell","MAL000149"
,"upper","Paul A. Brodeur","MAL000059"
,"upper","Timothy R. Madden","MAL000133"
,"upper","Ryan C. Fattman","MAL000089"
187,"upper","Susan W. Gifford","MAL000103"
,"upper","Harold P. Naughton, Jr","MAL000147"
,"upper","Daniel B. Winslow","MAL000197"
187,"lower","Daniel Winslow","MAL000197"
187,"upper","Daniel Wolf","MAL000040"
,"upper","Paul McMurtry","MAL000139"
187,"lower","Michael Rush","MAL000034"
187,"lower","Sheila Harrington","MAL000107"
,"upper","Mark J. Cusack","MAL000075"
187,"lower","James Eldridge","MAL000013"
187,"upper","Robert Hedlund","MAL000018"
,"upper","Geraldine Creedon","MAL000073"
187,"upper","Linda D. Forry","MAL000095"
187,"lower","Jennifer Flanagan","MAL000016"
,"upper","Shelia C. Harrington","MAL000107"
,"upper","Bradley H. Jones, Jr","MAL000117"
187,"lower","Steven Baddour","MAL000001"
187,"lower","Harriette Chandler","MAL000005"
187,"upper","Matthew Beaton","MAL000053"
187,"lower","David Vieira","MAL000190"
187,"upper","Ryan Fattman","MAL000089"
187,"upper","David P. Linsky","MAL000130"
,"upper","Christine E. Canavan","MAL000064"
,"upper","Gloria L. Fox","MAL000096"
187,"lower","Richard Moore","MAL000027"
187,"upper","Eileen M. Donoghue","MAL000011"
,"upper","Thomas M. Petrolati","MAL000157"
187,"upper","Geoff Diehl","MAL000081"
,"upper","Alice Hanlon Peisch","MAL000155"
,"upper","Anne M. Gobi","MAL000104"
187,"upper","James Eldridge","MAL000013"
,"upper","Kay Khan","MAL000122"
187,"lower","Paul Brodeur","MAL000059"
187,"lower","Mark Cusack","MAL000075"
187,"lower","Linda D. Forry","MAL000095"
187,"lower","William "". Pignatelli","MAL000158"
,"upper","Ann-Margaret Ferrante","MAL000093"
,"upper","Vincent A. Pedone","MAL000154"
187,"lower","Paul Mark","MAL000137"
,"upper","Michael A. Costello","MAL000072"
,"upper","Gailanne M. Cariddi","MAL000066"
187,"lower","Alice H. Peisch","MAL000155"
187,"upper","Jeffrey S?nchez","MAL000167"
187,"lower","Katherine M. Clark","MAL000007"
187,"lower","Stephen Brewer","MAL000003"
,"upper","Thomas J. Calter","MAL000062"
187,"upper","Patricia Jehlen","MAL000019"
,"upper","Lori A. Ehrlich","MAL000087"
187,"lower","Antonio F. Cabral","MAL000061"
187,"lower","James Lyons, Jr.","MAL000132"
187,"lower","Bruce Tarr","MAL000036"
,"upper","James J. Dwyer","MAL000085"
,"upper","James J. O'Day","MAL000150"
,"upper","Jay R. Kaufman","MAL000120"
187,"lower","Kevin Kuros","MAL000126"
187,"upper","Michael Finn","MAL000094"
,"upper","David T. Vieira","MAL000190"
187,"upper","Brian Joyce","MAL000020"
187,"upper","Kenneth Donnelly","MAL000010"
187,"upper","Aaron Michlewitz","MAL000141"
187,"upper","Gale Candaras","MAL000004"
187,"upper","John A. Hart","MAL000017"
187,"lower","Denise Garlick","MAL000101"
,"upper","Daniel K. Webster","MAL000196"
,"upper","Linda Dean Campbell","MAL000063"
187,"upper","Kimberly Ferguson","MAL000091"
187,"lower","Russell Holmes","MAL000112"
,"upper","Brian M. Ashe","MAL000045"
187,"upper","Mark Montigny","MAL000025"
187,"upper","Michael Moore","MAL000026"
,"upper","Thomas M. Stanley","MAL000180"
,"upper","Eugene L. O'Flaherty","MAL000151"
,"upper","Viriato Manuel deMacedo","MAL000078"
187,"lower","Cynthia S. Creem","MAL000008"
,"upper","Stephen Stat Smith","MAL000173"
187,"upper","Susan Fargo","MAL000014"
187,"upper","Jay Kaufman","MAL000120"
,"upper","Angelo L. D'Emilia","MAL000076"
187,"upper","Mark Cusack","MAL000075"
187,"lower","Anthony W. Petruccelli","MAL000030"
187,"upper","Viriato M. deMacedo","MAL000078"
187,"upper","Angelo D'Emilia","MAL000076"
187,"lower","Thomas A. Golden, Jr.","MAL000105"
,"upper","Todd M. Smola","MAL000175"
187,"lower","Sal DiDomenico","MAL000009"
,"upper","Carl M. Sciortino, Jr","MAL000172"
,"upper","Christopher N. Speranzo","MAL000177"
,"upper","Sarah K. Peake","MAL000153"
187,"upper","David Vieira","MAL000190"
